{
    "auc": 0.8286,
    "accuracy": 0.89,
    "recall_alto": 0.4091,
    "f1_alto": 0.3529,
    "n_train": 2220,
    "n_test": 300,
    "model_path": "C:\\Users\\Victor\\OneDrive\\Personal\\AAA_Maestria\\3_3.SeminarioInnovacionEnIA\\Desarrollo\\sia3002c\\prediccion\\ml\\models\\modelo_xgboost.pkl",
    "report_json": {
        "0": {
            "precision": 0.9520295202952029,
            "recall": 0.9280575539568345,
            "f1-score": 0.9398907103825137,
            "support": 278.0
        },
        "1": {
            "precision": 0.3103448275862069,
            "recall": 0.4090909090909091,
            "f1-score": 0.35294117647058826,
            "support": 22.0
        },
        "accuracy": 0.89,
        "macro avg": {
            "precision": 0.6311871739407049,
            "recall": 0.6685742315238719,
            "f1-score": 0.646415943426551,
            "support": 300.0
        },
        "weighted avg": {
            "precision": 0.9049726428298766,
            "recall": 0.89,
            "f1-score": 0.8968477445623058,
            "support": 300.0
        }
    },
    "cm": [
        [
            258,
            20
        ],
        [
            13,
            9
        ]
    ]
}